random number constant time, U, 20:38:51
lehigh basketball, U, 22:04:01
williams college basketball, U, 19:38:46
wikileaks us amazon windows, T, 20:39:14
magic the gathering pro tour 2011, U, 22:37:41
report  sony  to, T, 20:16:54
jason thompson kings, U, 19:34:58
far from consensus, T, 20:43:37
student googles himself finds he accused, T, 20:06:30
san diego, T, 20:39:22
arrest  warrant  for  actor, T, 20:39:05
nuclear fuel memos expose wary dance, T, 21:13:17
wikileaks will unveil major bank scandal, T, 20:45:08
c memset header, T, 23:21:59
generate random number probability density function constant time, U, 20:41:28
himself  he  accused, T, 20:06:35
telegraph, T, 21:12:51
archer some nfl, T, 20:12:25
southern atlanta, T, 20:05:34
gcc output file, U, 23:16:33
lafyette basketball, U, 22:05:03
sample from probability distribution constant time, U, 20:51:38
context free grammar, U, 20:08:02
british  to  over, T, 20:44:15
slurpee summit, T, 20:22:52
dave paulsen, U, 21:57:48
bison gnu, U, 21:14:26
role of film council, T, 20:17:19
sample from cumulative distribution constant time, U, 20:52:44
lafayette basketball, U, 22:05:07
cox  and  arquette  sit, T, 21:02:54
spiderman  theatre  boss  new, T, 20:22:02
generate random number from pdf constant time, U, 20:37:11
gnu  savannah  compromised, T, 20:11:52
secondincommand, T, 20:43:39
kuwait gitmo send afghanistan, T, 20:22:08
google  earth  street  view, T, 20:50:52
tron evolution, T, 20:55:29
desean jackson philadelphia eagles, T, 20:54:56
sacramento kings, U, 19:33:39
random number probability density function constant time, U, 20:42:55
fears  hit  more  secure, T, 20:12:13
space, T, 20:05:53
attack  on  increasing, T, 20:06:13
generate random number from pdf constanttime, U, 20:38:16
ncaa eligibility rules, U, 20:19:51
regrets  losing  at  afghanistan, T, 20:11:15
lebron  miami  heat, T, 20:17:10
williams mens basketball roster, U, 21:09:08
generate random number constant time, U, 20:40:20
debt  hit  more  secure, T, 20:44:27
into doubt, T, 20:21:33
arrest warrant issued for actor collins, T, 20:39:02
fuel  memos  wary, T, 21:13:30
sources colorado rockies troy tulowitzki, T, 20:05:44
movie reviews tangled, T, 20:45:06
student  news  daily  discussion, T, 20:17:49
cox and arquette sit down for, T, 21:02:49
stewart  and  stylish, T, 20:05:28
stony brook athletics, U, 19:43:28
all usbound, T, 20:21:31
draw random number from probability distribution constant time, U, 20:49:41
lenape indians basketball south jersey, U, 21:53:16
airline, T, 21:13:13
report sony stringer to name new, T, 20:16:53
depardieu  sheds  water  fast  comcast, T, 20:39:41
sony ms, T, 20:06:02
msnbccom, T, 20:45:31
microsoft ups online war says google bedding, T, 20:12:30
probability density function constant time, U, 20:44:59
google earth street view, T, 20:45:32
desean  eagles, T, 20:55:06
bison grammars, U, 20:02:23
c round, U, 21:37:09
sources  colorado  rockies  troy, T, 20:05:49
daily mtg, U, 22:39:26
stony brook nit, U, 19:45:15
cumulative distribution, U, 20:56:56
role  film, T, 20:17:34
senate  food  regulations  blindingly, T, 21:12:49
infrastructure take, T, 20:22:16
send  afghanistan, T, 20:22:09
wikileaks pakistan us, T, 20:54:43
north, T, 20:22:37
gnu savannah site compromised, T, 20:11:48
context free grammer, U, 20:07:52
josh loeffler, U, 22:01:39
movie  harry  potter  and, T, 20:43:53
remembers  chronic  prankster  nielsen, T, 20:11:46
rifle, T, 20:51:27
obama, T, 20:45:22
senate passes overhaul food safety regulations blindingly, T, 21:12:33
pentagon  sees  impact  ban  gays, T, 21:02:13
british film institute to take over, T, 20:44:10
north korea, T, 20:16:40
stonybrook go seawolves basketball, U, 22:03:04
calculate entropy of a file, U, 22:25:54
remembers, T, 21:02:43
pentagon  impact  ban, T, 20:39:01
nuclear  fuel  memos  dance, T, 20:23:00
draw random number from probability density function constant time, U, 20:48:30
movie reviews burlesque, T, 20:54:55
inside labs at hp microsoft ibm, T, 21:02:19
gcc, U, 23:15:43
generate random number pdf constant time, U, 20:41:02
tmz, T, 20:44:47
after pat burns, T, 20:44:09
lebron james miami heat cleveland, T, 20:17:11
wikileaks  us  amazon, T, 20:39:18
answer, T, 21:12:31
ddos attack on wikileaks increasing, T, 20:06:09
elizabeth smart, T, 20:22:28
movie reviews harry potter and the, T, 20:43:47
lehigh vs stony brook basketball 12/01, U, 21:57:25
pentagon sees little impact ban gays, T, 20:33:17
kardashian regrets losing virginity at afghanistan, T, 20:06:49
cryptographers obama black swan scenes, T, 20:50:53
ups  war  says  google  bedding, T, 20:12:31
zucker  remembers  chronic  prankster  nielsen, T, 20:55:31
compute random number constant time, U, 20:40:09
spiderman theatre boss hunting new tenant, T, 20:21:48
filebench parser, U, 20:13:53
gop murder cnn student news daily discussion, T, 20:17:36
depardieu sheds weight on water fast comcast, T, 20:39:36
europe debt fears hit more secure, T, 20:12:00
d3hoops top 25, U, 19:41:53
missouri, T, 20:44:39
wikileaks  will  bank  scandal, T, 20:45:12
colo, T, 20:39:54
director zucker remembers chronic prankster nielsen, T, 20:11:36
cryptographers  swan  scenes, T, 20:51:06
stewart and pattinson named most stylish, T, 20:01:17
