, U, 17:00:34
dozens umass vermont, T, 21:39:13
chicago, T, 19:11:18
making Android, T, 20:11:46
birds algorithm, U, 17:37:26
spy travelers, T, 18:46:26
categorylinkssqlqz archive, U, 20:26:34
summer internships, U, 19:34:45
fujinon, T, 17:14:34
vikings, T, 19:39:45
trackmenot, U, 20:43:59
papers show breadth emergency measures, T, 19:11:27
javac class and interface compile, U, 19:51:21
jobs, T, 20:11:27
credit suisse, U, 17:51:40
secretive x37b earth, T, 20:25:52
credit suisse recruitment, U, 18:00:30
cohen dies, T, 19:39:49
106yearold, T, 20:26:11
systems with police, T, 19:11:21
smart, T, 20:16:28
compellent vmware srm, T, 19:10:57
emergency, T, 17:52:16
14yearold mexican, T, 20:25:48
google search distance moregooglecode, U, 18:47:45
bolivians sony ericsson, T, 19:02:28
cnncom, T, 20:26:03
charles manson, T, 19:30:17
sony ms 41m, T, 19:57:53
google search, U, 18:49:50
creative commons license trackmenot, U, 23:57:49
clusters visual, U, 19:35:37
google search proximity distance query, T, 18:58:20
Canon, U, 17:27:12
cuffed, T, 19:39:52
google search proximity distance query, T, 18:49:58
vail home webos, T, 17:52:00
Spanish government said late, T, 21:39:05
newsweek the party, T, 19:11:09
phone under, T, 21:54:22
normalized moregooglecode, U, 18:43:06
Closed Plant, T, 19:11:13
borough units, T, 18:46:33
whose servers, T, 20:25:55
polygamist texas, T, 00:06:18
Cheap Nonstop Flights, T, 21:15:26
mich, T, 19:25:09
figures reveal crazy, T, 20:11:38
search query similarity api, U, 19:51:48
arrests spain thailand, T, 19:58:25
spain military, T, 20:11:50
external jar specification in ant, T, 21:15:58
binoculars astronomy review, T, 17:09:26
sematic distance between words api, U, 19:05:08
interpol called founder, T, 19:39:55
chicago, T, 20:11:42
using multiple classpath linux java, U, 20:13:31
javac classpaths multiple linux, U, 20:16:27
weird amazon, T, 19:11:32
google search distance query, U, 18:48:22
xmas get bulldozer deathmatch, T, 17:52:27
javac interface compile, T, 20:02:25
create jar file command prompt, U, 20:08:03
health, T, 19:39:36
categorylinkssqlgz archive, U, 20:26:43
seacrh privacy, U, 20:51:20
search distance moregooglecode, U, 18:45:17
credit suisse career, T, 18:02:52
fed show breadth emergency measures, T, 19:11:24
us, T, 19:11:00
ncaa newton, T, 17:52:24
normalized google distance moregooglecode, U, 18:43:11
compellent vmware srm, T, 18:46:43
cryptographers, T, 20:11:35
thailand, T, 19:58:08
semantic similarity api, U, 19:54:01
kids, T, 20:25:40
compile java program interface, U, 19:48:05
the register, T, 18:46:30
search query similarity, U, 19:51:37
starry star, T, 19:11:36
lens camera, T, 17:29:28
clinton, T, 19:58:32
normalized google distance, U, 18:37:30
normalized google distance api java, U, 18:38:26
normalized search distance moregooglecode, U, 18:45:12
normalized google distance java api, U, 18:41:31
street, T, 20:16:39
shepherd named Schultz into, T, 21:15:33
millions, T, 20:02:50
gosselin, T, 19:39:40
dna, T, 20:16:35
microsoft webos, T, 19:40:09
arlington, T, 20:25:58
summer internships graduate students, U, 19:35:00
rail nyc nj, T, 21:54:09
Deal join with, T, 21:39:10
motorola, T, 19:58:04
assange clinton lowe, T, 18:46:49
disney 2nd, T, 20:11:22
gear4 unityremote, T, 20:11:48
rail nyc newark nj, T, 18:46:41
russia us, T, 19:39:43
google vigorously, T, 21:39:16
external jar in ant script, T, 21:31:13
compile java programs command prompt, U, 19:47:58
set classpath linux, U, 20:13:21
mysql import gz, U, 21:57:26
wont end ban eastern, T, 17:52:18
constitutional republic comprising, T, 19:43:30
hds bluearc bluearc, T, 19:58:16
gov glory for, T, 21:45:48
c programming, U, 17:35:35
categorylinkssqlqz, U, 20:24:44
normalized google distance api, U, 18:37:37
google search proximity distance java, U, 18:57:18
nyt cables russia, T, 19:57:56
cell under, T, 20:25:45
castrodale there nfl, T, 19:18:14
video buffalo, T, 20:11:31
execute jar java, U, 21:38:12
rail nyc newark, T, 21:54:13
bitter europe, T, 20:16:25
writing an ant script, U, 20:22:26
olympus lens reviews, U, 17:10:38
google adobe flash, T, 17:52:13
fed more, T, 19:49:39
assange, T, 19:58:20
winpho, T, 19:58:12
quantum, T, 19:11:04
javac interface compile and class, T, 20:07:49
dems, T, 20:26:05
normalized google search distance HTTP11 200 26543 httpsourceforgenetsearchqgoogle search, U, 18:54:51
airport, T, 19:40:00
google search moregooglecode, U, 18:45:54
red hat makara, T, 19:57:59
javac interface compile cannot find symbol, U, 20:03:10
search query similarity ai, U, 19:51:45
give uranium, T, 17:52:09
apple 3d, T, 20:16:22
google search distance, U, 18:48:05
David Beckham into, T, 20:26:13
interpol called wikileaks, T, 19:57:48
creative commons license, T, 23:55:52
named Schultz into, T, 21:15:31
google api proximity search, U, 19:01:01
birds technical paper algorithm, U, 17:34:25
clustering methods, U, 19:35:29
apigooglecom, U, 18:42:58
binoculars, U, 17:00:40
binoculars astronomy, U, 17:01:02
wikileaks, T, 20:25:37
javac class and interface, T, 19:52:20
slanders, T, 17:52:29
newsweek the tea, T, 19:34:00
glory for unityremote, T, 21:54:18
us julian assange, T, 17:52:22
jar exception in main NoClassDefFound, U, 21:54:25
dad mich, T, 19:39:31
jar main not found java, U, 21:53:07
castrodale, T, 19:40:04
external jar specification in ant buildxml, T, 21:15:46
drilling, T, 18:46:46
