raid levels, T, 10:31:32
giant ark kentucky, T, 13:57:13
planet fitness, U, 20:40:27
office, T, 18:23:45
europe quell its debt, T, 19:47:52
levi dubrawsky, T, 19:03:01
empire state building tickets, T, 16:41:44
red hat, T, 19:48:02
git revert changes, U, 21:52:35
british food, T, 04:28:22
y8, T, 19:06:23
supercuts, T, 19:09:16
russian pm putin cup, T, 17:55:32
the lede latest updates lea, U, 10:40:34
github add collaborators, T, 15:45:56
is TMN working , U, 13:13:59
Normalized google distance wikipedia, U, 19:51:01
hamas qaeda gaza, T, 18:56:53
to fix it, T, 18:31:36
replacements, T, 10:31:12
photobucket, T, 18:26:58
new york lose house, T, 19:09:48
carrey, T, 04:14:52
box office mojo, T, 13:30:53
msnbccom, T, 19:19:10
movie obama ben roethlisberger baltimore ravens, T, 17:55:46
holbrook honours twain 175th birthday, U, 04:42:08
does, T, 04:05:43
neutron bomb inventor dies, T, 11:18:04
chipotle, T, 19:32:22
failbook, T, 04:14:15
pledges, T, 13:31:07
for web users, T, 04:34:10
python time, U, 18:17:36
kicks tv, T, 17:55:54
design within reach, T, 19:54:06
calling australia it pros optus, T, 04:54:11
hitachi door spinning platters, T, 19:48:17
share with montauk ny, T, 19:09:13
meet robert pattinson for, T, 15:08:45
holiday calendar, T, 18:23:37
cnn, T, 04:28:10
was court fired for leaking, T, 19:03:15
interpol wikileaks julian assange, T, 05:34:29
sony, T, 13:46:08
dell duo, T, 13:45:59
korean, T, 18:23:20
rain east coast, T, 18:58:07
levi delight at tangled role, T, 05:09:43
going, T, 14:34:27
synapse, U, 13:17:38
125m, T, 17:49:33
twisted connectonMade, U, 11:34:21
giant noah ark kentucky, T, 13:52:09
punctuation regular expression class python, U, 16:43:06
times of india, T, 04:27:42
rand C, U, 13:45:27
lede latest leaks, T, 19:09:33
gnu site compromised, T, 13:31:06
james franco, T, 04:14:09
canadian movie chain to sell rent, T, 15:44:57
synapse ubuntu, U, 13:17:44
check if file exists python, U, 22:02:08
phone actress, T, 19:25:41
car, U, 20:06:25
startTypeError int object is not callable, U, 00:33:44
british virgin islands, T, 04:33:56
greenhouse, T, 04:21:16
normalized google distance implementation, U, 19:23:36
court p2p innocent sharing, T, 13:30:45
carrey big pay to, T, 16:41:10
interpol wikileaks julian assange, T, 05:39:42
forever 21, T, 04:05:33
we will see, U, 13:14:02
cat on mat, T, 19:28:12
gnu site compromised, T, 17:45:46
ford gt price, T, 19:32:06
secondincommand, T, 14:34:03
kourtney kardashian, T, 18:21:44
trying again, U, 13:12:45
twisted examples crawler, U, 04:23:18
russell peters, T, 14:34:37
snoop dogg, T, 04:14:44
snoring, T, 19:06:31
obama gulf mexico, T, 04:27:26
billie jean lyrics, T, 18:48:04
wells fargo, T, 04:27:49
reporter harassed by jets, T, 10:31:15
countdown timer, T, 19:19:30
warren jeffs texas, T, 15:15:47
police london, T, 19:31:37
google adds trees, T, 17:55:21
dumps microsoft vail home server webos, T, 10:09:47
download web history, U, 17:48:59
normalized google distance calculator, U, 18:57:12
python threading int object is not callable, U, 00:36:37
random C, U, 13:43:21
may, T, 19:47:57
try again, U, 13:11:39
health, T, 19:25:28
start threading int object is not callable, U, 00:11:07
strikes back dead at, T, 16:45:12
internet, T, 18:54:31
ford gm sales november, T, 19:32:20
twisted examples python, U, 04:23:58
tmz, T, 19:31:50
straightfaced comedian leslie nielsen dead at, T, 10:31:43
fcc to vote on net neutrality, T, 14:34:41
dutch wonderland, T, 18:23:17
twisted examples, U, 04:22:40
ecuador assange, T, 05:18:04
imdb news, T, 05:23:18
south park, T, 04:05:13
student universe, T, 14:01:46
choice mourning during freshman year, T, 17:45:33
million, T, 17:49:17
full upper denture, T, 17:49:28
court spokesman leaking, T, 16:41:39
cut, T, 18:56:56
internet new york, T, 17:49:24
supreme models, T, 13:31:18
willow smith, T, 19:25:51
normalized google distance python, U, 19:05:47
current events, T, 18:31:48
millionaire matchmaker nyc, T, 14:15:12
regular expression punctuation, U, 16:39:15
photobomb, T, 13:46:15
korean kimchi shortage, T, 19:06:16
delight, T, 19:32:25
publishers weekly, T, 17:49:09
movie obama ravens, T, 17:55:50
economix delayed, T, 18:44:08
bed bath and beyond, T, 19:32:05
the lede latest, T, 10:31:26
internet root servers, T, 19:03:36
synapse linux gnome do, U, 13:18:22
programming, T, 16:41:25
itunes, T, 19:47:42
do while python, U, 21:22:25
airport, T, 18:35:12
reviews faster, T, 18:40:43
twisted errback, U, 04:02:10
rotten tomatoes, T, 13:31:10
calling uk from us, T, 14:21:01
numresults xgoogle problem, U, 20:06:58
commit, T, 13:30:49
economics effective demand, T, 18:39:28
flower, U, 19:54:11
gm sales rose november, T, 19:02:54
car nissan japan red asia spice, U, 20:10:14
python optparse, U, 18:59:41
next choice during ovulation, T, 04:28:15
choice during freshman, T, 19:26:09
macys, T, 17:45:56
google earth live, T, 17:55:15
charge, T, 17:49:38
the choice house, T, 19:25:38
python stderr print, U, 21:24:51
depp feels sorry for poor thing, T, 14:34:13
russian keyboard, T, 17:55:26
the event, T, 10:31:18
weather, U, 14:32:37
australian slang, T, 14:25:07
wikileaks, T, 14:34:26
R language, U, 19:30:12
dunkin donuts, T, 18:23:15
runnable jar create, U, 21:46:32
harry b thompson, T, 04:14:26
yahoo millionaire jackson fires hobbit casting manager, T, 19:54:21
ipad drawing pen, U, 17:46:29
terrell owens, T, 04:27:37
xbmc, T, 04:05:38
twisted concurrent http requests, U, 10:31:58
assange clinton, T, 13:22:36
design hosting software, T, 19:54:07
python threads, U, 22:51:33
twistedinternetdefergatherResults, U, 02:56:18
korean kim jong il, T, 19:10:51
columbia university, T, 18:48:44
runnable jar, U, 21:41:31
twisted, U, 03:23:48
phone claim, T, 19:25:46
love other drugs, T, 04:05:05
jordan car, U, 11:52:24
holbrook birthday, T, 04:45:12
nj lottery, T, 19:09:41
going through changes lyrics, T, 13:31:13
snoop dogg blue carpet treatment, T, 04:14:51
share the little things, T, 19:09:08
unveil major scandal, T, 04:05:25
wikileaks video, T, 19:09:39
phoenix band, T, 19:06:27
lowe, T, 19:26:19
gplv3 license to be used in code, U, 16:51:49
hitachi door house spinning platters, T, 19:48:11
Is that good , U, 13:10:52
tvgasm lost, T, 05:46:43
lede live end dead end, T, 19:09:28
gear4 unityremote, T, 04:34:11
assange, T, 04:05:10
burlesque, T, 18:31:43
ramp up, T, 04:34:17
jordan, U, 11:51:49
vail home server, T, 10:14:01
normalized google distance python, U, 18:57:36
python system command, U, 19:11:16
december, T, 04:34:14
routing loop cisco, T, 19:03:41
hallows, T, 13:46:11
citibank, T, 04:27:44
normalized google distance python Euclidean, T, 19:06:22
hope for broadway, T, 19:54:01
debt releases plan two senators, T, 16:14:50
meebo, T, 17:45:52
harrison barnes, T, 04:14:12
how does harry beat voldemort, T, 04:14:27
will unveil scandal, T, 19:25:56
south korea, T, 16:41:35
levis, T, 19:02:58
gnu savannah, T, 13:30:57
rachel mcadams, T, 18:31:33
kim jong, T, 19:06:20
straightfaced leslie nielsen at, T, 19:06:15
twisted control number of concurrent, U, 10:24:01
googlecom, T, 19:47:40
judge virginia obama, T, 14:34:33
gplv3 license file, T, 16:51:27
try catch python, T, 21:19:18
can i have your tots, T, 18:23:38
hit ddos, T, 18:23:27
car nissan japan red tire spice, U, 20:10:33
file open ruby, U, 23:45:13
calculate size of folder python, U, 18:24:16
youtube, T, 10:18:17
punctuation regular expression class, U, 16:42:32
court innocent sharing microsoft, T, 13:31:26
ben barber linen, T, 18:15:26
ben roethlisberger punched, T, 18:09:40
ecuador news, T, 14:43:04
murder, T, 19:42:53
kicks tv, T, 17:45:28
box office, T, 14:57:31
meetup nyc, T, 17:45:51
choice mourning during freshman year, T, 19:26:05
reviews love other drugs, T, 03:58:19
ban eastern gulf, T, 04:27:33
whip my hair, T, 04:27:54
hope fading for spidey on broadway, T, 19:48:25
raymour and flanigan, T, 18:04:57
NGD wikipedia, U, 19:51:00
Semantic Similarity, U, 19:08:25
python google normalized distance euclidean, U, 19:00:59
sysargv in ruby, U, 13:13:02
debt panel releases plan two senators, T, 16:05:57
googles hidden message, U, 14:10:28
korean kim il, T, 19:19:05
calling australia it pros, T, 04:57:43
millionaire jackson fires hobbit manager, T, 19:54:25
recap millionaire matchmaker, T, 05:51:27
assange molestation, T, 19:31:40
synchronize concurrent http requests twisted, U, 03:22:58
you, T, 19:03:19
millsberry, T, 19:31:45
supreme court refuses p2p innocent sharing, T, 13:30:40
never been like that, T, 10:40:21
meet robert pattinson for, T, 15:08:44
imdb news, T, 04:33:57
reviews tangled, T, 05:26:31
max number of connections twisted, U, 11:19:55
wachovia, T, 19:03:14
will unveil major bank scandal unwraps, T, 04:05:22
millions, T, 18:30:35
translator, T, 04:05:29
depp sorry for poor thing, T, 14:34:17
stony brook blackboard, T, 19:19:19
aussie locker, T, 19:31:30
effects of bullying, T, 14:51:56
rally to restore sanity, T, 10:31:28
swan sex scene, T, 19:14:55
calculate size of folder unix, U, 18:24:32
supreme court p2p sharing, T, 19:09:23
fcc on neutrality, T, 14:39:12
have your cake and eat it too, T, 18:23:41
scrapy example, T, 20:56:53
google code search, U, 04:26:20
gnu savannah site compromised, T, 17:45:42
noah ark, T, 19:47:41
been like that, T, 10:40:32
was court spokesman fired for leaking, T, 16:41:36
bendde, T, 19:31:59
cavs lebron, T, 13:46:07
light, T, 17:49:14
the onion, T, 19:25:37
euro 2012, T, 19:47:49
ipad drawing pen, U, 17:46:13
video interpol wrecking ball, T, 04:28:02
levi delight at role, T, 05:09:44
planet earth, U, 16:59:32
austin powers, T, 19:31:26
charice, T, 18:31:38
twisted connectionMade, T, 11:34:26
ford gm sales rose november, T, 19:02:49
jolie, T, 13:22:38
for whom the bell tolls lyrics, T, 04:14:29
threads python, U, 00:28:36
