"doctor"," T"," 12:49:15"
"Global Force Issues"," T"," 18:19:55"
"latex constant width text"," T"," 01:56:56"
"gov glory for"," T"," 21:45:48"
"examples this"," T"," 02:09:24"
"c  string capacity size"," U"," 06:01:38"
"microsoft us"," T"," 23:26:05"
"c  read line"," T"," 11:59:52"
"that products"," T"," 00:28:09"
"which borders Yorkshire"," T"," 20:34:19"
"free invalid next size normal"," T"," 01:34:46"
"events that features"," T"," 00:47:36"
"environmental events which"," T"," 17:36:42"
"Obama plot shocks suspects"," T"," 04:26:22"
"Late Yashwantrao Thakare Dnyatigriha Tejpal Scheme Road No 4 Vile Parle East Mumbai Maharashtra 400057 India Chandraseniya Kayastha Prabhu CKP Mandal Vile Parle"," U"," 22:43:23"
"summer internships"," T"," 19:34:45"
"Comerford Will"," T"," 22:19:53"
"Swift Clean Adload"," T"," 22:23:44"
"vikings"," T"," 19:39:45"
"pcs betfair"," T"," 22:15:05"
"paris"," T"," 05:11:28"
"latex editor linux"," U"," 19:22:16"
"exports imports surge resident"," T"," 00:56:10"
"javac class and interface compile"," U"," 19:51:26"
"dashratha geet ramayan"," U"," 10:45:05"
"microsoft us"," T"," 22:35:26"
"credit suisse"," U"," 17:51:22"
"communications firm SITA"," T"," 01:43:46"
"PlayStation Move around"," T"," 13:10:12"
"Perform Conditions"," T"," 21:19:47"
"genbank"," T"," 22:01:11"
"video waiting superman"," T"," 00:52:45"
"caused"," T"," 14:56:34"
"parodies with another"," T"," 22:19:46"
"Indian Outward Direct"," T"," 00:55:54"
"Inherent Security Protecting"," T"," 20:29:35"
"View this blog"," T"," 13:06:55"
"kombadi pa"," U"," 09:48:26"
"family Ellenton"," T"," 16:06:30"
"chori chri "," T"," 09:55:32"
"Mark Webber hides"," T"," 00:14:19"
"Play with"," T"," 16:17:34"
"optimum n"," U"," 23:06:05"
"public works"," T"," 22:54:05"
"broken shoulder while"," T"," 12:49:32"
"overlaps with error and gaps"," U"," 18:46:06"
"whose servers been"," T"," 03:30:08"
"cnn"," T"," 01:05:18"
"historical tornado"," T"," 14:50:06"
"c  free memory loops"," T"," 00:06:41"
"Chinese dissident that"," T"," 20:10:57"
"c  calling destructor"," T"," 21:12:02"
"c  free memory loops garbage collection"," U"," 23:53:22"
"Chinese dark horse eyed"," T"," 21:20:09"
"pbt ginobili ufo"," T"," 20:34:47"
"actually enjoy reading"," T"," 21:21:35"
"alleged russian us"," T"," 13:02:51"
"celebrity"," T"," 00:55:05"
"Global"," T"," 10:30:24"
"Visit these Open"," T"," 19:15:36"
"uga geet ramaya"," U"," 16:40:38"
"verified with cryptographers"," T"," 22:11:25"
"Associate Professor Lisa"," T"," 06:51:58"
"google search proximity distance query"," T"," 18:50:07"
"overlaps with error genome"," U"," 18:49:50"
"feminist leftist"," T"," 21:29:43"
"news around"," T"," 21:19:40"
"black add"," U"," 04:18:42"
"sales Japanese"," T"," 11:46:28"
"indian classical music online"," T"," 16:36:45"
"c  new delete"," U"," 21:12:16"
"striking spain"," T"," 21:29:34"
"phone under"," T"," 21:54:22"
"portable"," U"," 00:58:08"
"video assange"," T"," 14:12:46"
"Philips defeated efforts"," T"," 23:18:05"
"black adder music"," U"," 00:54:25"
"echo newline linux"," U"," 15:23:01"
"parodies returns another"," T"," 14:34:47"
"scene d"," U"," 04:33:30"
"mich"," T"," 19:25:09"
"redbellied woodpecker"," T"," 01:19:05"
"kombad"," U"," 01:31:53"
"video buffalo"," T"," 03:01:50"
"overlaps with error string algorithm"," U"," 18:49:13"
"more from this author"," T"," 20:24:14"
"ncaa newton"," T"," 17:52:24"
"pyplot python ubuntu installation"," U"," 05:48:33"
"health through education"," T"," 14:05:46"
"scene balan"," U"," 04:33:47"
"Chinese enterprises emerged"," T"," 16:17:31"
"forget xmas get deathmatch"," T"," 04:32:48"
"chicago"," T"," 15:22:05"
"aide british russian"," T"," 15:19:38"
"founder says guards against"," T"," 01:49:42"
"newsweek foreign wikileaks"," T"," 23:41:42"
"dashratha geet rama"," T"," 10:44:57"
"cryptographers"," T"," 19:18:23"
"Dubai International Financial health"," T"," 00:56:12"
"View this blog post"," T"," 18:04:14"
"categorylinkssqlgz archive"," T"," 20:36:40"
"news msnbc"," T"," 20:06:14"
"dissident that represents"," T"," 17:41:26"
"november have cracked software used"," T"," 18:21:27"
"with women"," T"," 17:19:34"
"House Should Have"," T"," 14:32:22"
"told"," T"," 02:05:04"
"multinational"," T"," 21:29:22"
"continental concorde"," T"," 00:05:56"
"ipadsmuggling"," T"," 06:31:21"
"Deal will join"," T"," 05:30:17"
"semantic similarity api"," U"," 19:54:01"
"pwd shell script linux"," T"," 15:25:35"
"uga aata "," T"," 16:40:31"
"blooper"," U"," 23:55:25"
"Dubai International Centre"," T"," 22:16:54"
"room ensnared fund scandal"," T"," 22:16:46"
"about what happened"," T"," 18:53:37"
"Private limited"," T"," 23:46:46"
"which should indeed"," T"," 18:04:31"
"told that they"," T"," 19:21:19"
"ubuntu process management"," U"," 23:04:59"
"kids"," T"," 20:25:40"
"compile java program interface"," U"," 19:48:05"
"latex editor linux gummi aptget"," T"," 19:25:41"
"technical"," T"," 19:18:17"
"red hat makara"," T"," 19:57:59"
"health singular vikings angeles"," T"," 19:50:20"
"nyt home page"," T"," 22:11:43"
"notice have"," T"," 22:16:38"
"ImportError No module named matplotlibpyplot"," U"," 05:51:12"
"search query similarity"," U"," 19:51:37"
"criticizes china n"," T"," 18:04:22"
"Deal join"," T"," 21:11:17"
"starry star"," T"," 19:11:36"
"black scholar"," T"," 00:53:50"
"writing an abstract"," T"," 00:53:46"
"military"," T"," 23:38:28"
"stuxnet iran"," T"," 12:41:54"
"donkey kong"," T"," 05:11:37"
"sometimes just interesting blogs"," T"," 19:01:37"
"borders Yorkshire"," T"," 14:37:03"
"Higher Education human"," T"," 02:05:09"
"deficitcut capitol"," T"," 23:45:37"
"firefox"," T"," 15:14:11"
"family"," T"," 05:11:09"
"reading Khoi Vinh"," T"," 21:20:00"
"iran denies freeing woman"," T"," 22:56:17"
"dasratha"," U"," 10:44:48"
"normalized google distance api java"," U"," 18:38:14"
"brave borisbikers"," T"," 01:34:25"
"salil kulkarni dh"," T"," 17:01:41"
"deals portable drive"," U"," 00:58:25"
"thailand"," T"," 19:58:08"
"family leaves"," T"," 14:31:29"
"should"," T"," 13:37:04"
"Rumour Discussion Talk about"," T"," 01:07:25"
"black adder"," U"," 00:53:56"
"secret that large"," T"," 00:04:12"
"area historical tornado"," T"," 14:53:41"
"dna"," T"," 01:49:09"
"reg hardware reviews digest"," T"," 00:27:31"
"pere"," T"," 09:46:07"
"COAST OPERATIONAL firefox"," T"," 23:28:56"
"loans"," T"," 21:19:53"
"International Machines Corporation"," T"," 16:34:39"
"rail nyc nj"," T"," 21:54:09"
"through Short Writer"," T"," 15:00:30"
"member leaves"," T"," 04:00:33"
"classical music online"," T"," 18:41:03"
"telegraph"," T"," 14:58:37"
"time from authors"," T"," 15:52:27"
"outsourcing 2bn indian"," T"," 14:56:36"
"chinese exports imports surge"," T"," 20:59:21"
"named Schultz into"," T"," 21:15:31"
"chief with fraud"," T"," 01:49:49"
"Higher human"," T"," 00:56:16"
"explorer mode"," T"," 01:52:32"
"rail nyc newark nj"," T"," 18:46:41"
"with experiencing"," T"," 21:31:26"
"google vigorously"," T"," 21:39:16"
"administration reversed itself Wednesday"," T"," 10:21:38"
"black adder mus"," U"," 00:54:01"
"with women often experiencing"," T"," 06:56:06"
"South social"," T"," 22:11:23"
"algorithmicsty install ubuntu"," T"," 22:16:32"
"gear4 unityremote"," T"," 01:16:48"
"kombadi palali"," U"," 01:32:18"
"komb"," T"," 09:42:49"
"wikileaks latest roundup"," T"," 22:39:23"
"c programming"," U"," 17:30:02"
"white iphone"," T"," 05:30:13"
"this xmas no"," T"," 15:08:22"
"redstor emc atmos"," T"," 21:25:33"
"api ddos"," T"," 05:11:33"
"optimum nutrition "," T"," 23:06:06"
"cell under"," T"," 20:25:45"
"white iphone"," T"," 20:05:54"
"snow"," T"," 03:29:42"
"hardware reviews digest"," T"," 00:35:00"
"pyplot linestyle"," U"," 06:30:04"
"area historical"," T"," 14:44:53"
"ubuntu virtual memory increase"," U"," 21:49:16"
"Visit LinkedIn Open"," T"," 19:20:21"
"optimum nutrition natural"," T"," 23:06:08"
"nkorea russia"," T"," 18:38:45"
"Furniture"," T"," 22:35:10"
"marathi spon"," T"," 01:31:29"
"Higher fosters human"," T"," 22:09:36"
"overlaps with error and gaps string algorithm"," T"," 18:46:12"
"gdbinit No such file or directory"," U"," 01:46:56"
"your favorite"," T"," 04:05:03"
"peregrine immatur"," T"," 09:46:09"
"which South"," T"," 14:37:00"
"website that"," T"," 00:20:03"
"kombadi pala"," U"," 01:31:54"
"debugging in gdb how to"," T"," 01:41:09"
"stalls bill repeal policy"," T"," 22:51:17"
"charles manson"," T"," 19:30:17"
"only when"," T"," 01:36:37"
"unix shell script if else"," U"," 19:33:51"
"protein"," U"," 23:05:58"
"Inherent Protecting Process"," T"," 20:16:22"
"called Project"," T"," 11:06:27"
"peregrine"," U"," 01:23:31"
"google search moregooglecode"," U"," 18:47:40"
"Visit these LinkedIn Open"," T"," 19:28:25"
"with often"," T"," 02:14:47"
"figures reveal crazy"," T"," 20:11:38"
"burmese manchester united"," T"," 13:05:22"
"Move around"," T"," 13:10:15"
"Farber Cancer have"," T"," 02:32:13"
"the cowardly liar"," T"," 22:22:51"
"spy travelers"," T"," 18:46:26"
"kombadi p"," U"," 09:42:51"
"google search distance"," U"," 18:48:05"
"cuffed"," T"," 19:39:52"
"bloop"," T"," 23:54:32"
"salil kulkarni dhipadi"," U"," 17:02:22"
"while mountain from"," T"," 21:53:15"
"mass el reg"," T"," 21:32:08"
"unix shell script if else string comparison"," T"," 19:39:48"
"economic scene for tax deal"," T"," 12:34:54"
"this clearly structured introduction"," T"," 19:50:08"
"Rehmannia glutinosa"," U"," 08:12:32"
"amazon cowardly liar"," T"," 06:18:18"
"openoffice formula substring"," T"," 16:19:44"
"coming"," T"," 13:17:29"
"wikileaks"," T"," 14:56:10"
"grep match line"," T"," 14:50:15"
"odds ssn one"," T"," 03:29:35"
"fosters human"," T"," 17:42:15"
"steelie neelie paneuropean feminist"," T"," 17:56:07"
"this blog post"," T"," 18:04:17"
"Former countries"," T"," 02:12:56"
"latest roundup"," T"," 22:35:30"
"us julian assange"," T"," 17:52:22"
"jar exception in main NoClassDefFound"," U"," 21:54:30"
"life"," T"," 22:40:30"
"verb latex"," T"," 22:31:28"
"Company provide maintenance"," T"," 00:58:20"
"Circuits electronic"," T"," 16:17:04"
"Higher Education fosters human"," T"," 03:26:59"
"green"," T"," 14:00:02"
"google chrome cnncom"," T"," 22:35:06"
"elon musk dragon"," T"," 21:19:44"
"Circuits free"," T"," 16:17:09"
"facebook"," T"," 05:44:51"
"salil kulkarni dhipa"," U"," 17:01:42"
"write racism"," T"," 22:35:19"
"Breast Care Center"," T"," 19:49:56"
"sometimes just interesting"," T"," 05:53:05"
"rejected claims that"," T"," 01:49:58"
"merlin immature falco"," U"," 09:46:58"
"Employers relatively eager"," T"," 06:31:23"
"daus"," T"," 04:27:51"
"administration"," T"," 01:49:52"
"latex editor linux gummi aptget ubuntu"," U"," 19:26:04"
"fsdt"," U"," 09:43:56"
"google"," T"," 22:03:52"
"chori ch"," U"," 09:55:31"
"merl immature"," T"," 09:46:53"
"sony"," T"," 17:37:07"
"nottinghamshire"," T"," 22:38:56"
"CORPORATION declares this"," T"," 00:27:11"
"which Yorkshire"," T"," 14:36:54"
"Working"," T"," 19:03:21"
"fast classic"," U"," 09:44:07"
"interesting"," T"," 13:26:14"
"deals electronics"," T"," 01:16:05"
"Recognizing graphic design"," T"," 12:49:01"
"xmas get bulldozer deathmatch"," T"," 17:52:27"
"sponsored by"," T"," 11:06:30"
"graph traversals BFS"," T"," 17:38:32"
"custom engineered polymer"," T"," 04:37:22"
"acquired software provider"," T"," 00:17:20"
"give uranium"," T"," 17:52:09"
"highly professional driven"," T"," 22:20:04"
"those background"," T"," 23:02:38"
"that have suffered"," T"," 21:36:45"
"crazed scottish"," T"," 19:18:15"
"classifieds used tripod adapter"," U"," 13:11:02"
"PRESS Staff"," T"," 13:17:33"
"three ipad"," T"," 14:56:38"
"file could secrets"," T"," 16:22:15"
"caucus how is"," T"," 22:11:30"
"improving health through"," T"," 16:14:43"
"drilling"," T"," 18:46:46"
"32b33330332734835634e34d34835730331431331831330332434f34f31034c35131033235134830333335534c351357348355"," T"," 01:20:28"
"apple google pay"," T"," 05:11:21"
"salil kulkarni dhipad"," T"," 17:01:43"
"cloud services that"," T"," 17:41:55"
"rain east coast"," T"," 21:29:55"
"white house wikileaked"," T"," 12:49:12"
"creative commons license trackmenot"," T"," 23:57:45"
"Most Featured Workspaces"," T"," 03:51:32"
"nfc"," T"," 23:36:49"
"obama coast"," T"," 22:14:50"
"driver updates with DriverAgent"," T"," 19:18:10"
"shepherd Schultz"," T"," 23:45:24"
"debugging C  in eclipse"," U"," 01:39:14"
"most update computer"," T"," 15:41:37"
"chinese exports surge"," T"," 22:34:52"
"should stay"," T"," 21:11:12"
"peregrin"," U"," 01:23:30"
"chori chori hum gori se"," T"," 09:56:33"
"they could their"," T"," 16:07:13"
"groupon google 6bn"," T"," 13:29:21"
"black adder m"," U"," 00:54:00"
"Spanish government said late"," T"," 21:39:05"
"from msnbc"," T"," 20:06:16"
"newsweek the party"," T"," 19:11:09"
"even becoming impossible"," T"," 20:28:38"
"Company Only Hires"," T"," 23:23:16"
"daud"," T"," 04:27:53"
"ubuntu disk usage"," U"," 22:16:57"
"salesforce ruby"," T"," 16:23:44"
"catalogues"," T"," 06:07:08"
"Obama Signs Arms"," T"," 21:20:02"
"OPERATIONAL"," T"," 19:09:21"
"last sulu series"," T"," 22:08:20"
"That will depend"," T"," 21:04:25"
"cyber monday"," T"," 03:01:06"
"protei"," T"," 23:05:57"
"nobel its"," T"," 21:39:47"
"spain military"," T"," 20:11:50"
"Bank implements monetary policy"," T"," 02:20:38"
"life examples this"," T"," 22:43:49"
"react when"," T"," 18:22:21"
"  r unexpected operator unix shell script"," T"," 19:49:05"
"categorylinkssqlqz"," U"," 20:24:39"
"apple quicktime"," T"," 21:19:37"
"fast classical"," U"," 09:44:08"
"resize a swap partition ubuntu"," T"," 22:35:05"
"Dubai spacious notice"," T"," 17:19:25"
"activist"," T"," 22:19:06"
"health"," T"," 19:39:36"
"returns with another"," T"," 14:45:53"
"shepherd Schultz into"," T"," 15:11:49"
"Horses suffered"," T"," 15:19:05"
"bla"," T"," 04:18:41"
"uga aata"," T"," 16:40:27"
"marathi sp"," T"," 01:31:31"
"writing a cover letter"," U"," 13:13:57"
"Police Force Issues"," T"," 00:32:55"
"laptop that resident"," T"," 19:03:24"
"alleged Ponzi continues notice"," T"," 17:41:39"
"us"," T"," 19:11:00"
"family member leaves after"," T"," 04:00:37"
"technical problems"," T"," 01:50:05"
"choriu "," T"," 09:55:30"
"c  delete array of arrays"," T"," 03:24:36"
"dashratha geet ramay"," U"," 10:45:04"
"secret large public"," T"," 21:20:04"
"against threats"," T"," 18:51:53"
"forget bulldozer deathmatch"," T"," 21:31:19"
"flows upper Teesdale"," T"," 18:04:27"
"bitter europe"," T"," 13:17:37"
"korean kim jong il"," T"," 13:02:13"
"the register"," T"," 18:05:46"
"c  including header files"," T"," 11:16:05"
"no east coast"," T"," 20:16:36"
"peregrine i"," U"," 09:46:08"
"Play prototypes"," T"," 22:26:44"
"Illinois River Bend area"," T"," 13:57:02"
"korean jong"," T"," 17:19:14"
"latex console text"," T"," 02:05:39"
"lens camera"," U"," 17:26:31"
"already"," T"," 03:08:33"
"normalized google distance"," U"," 18:37:30"
"have been"," T"," 22:24:35"
"West somehow"," T"," 23:06:45"
"steelie neelie paneuropean"," T"," 20:42:40"
"kombadi "," U"," 09:42:50"
"scene"," T"," 04:31:48"
"wikileaks visa mastercard"," T"," 05:52:52"
"normalized search distance moregooglecode"," U"," 18:43:26"
"family leaves after"," T"," 01:19:40"
"kombadi palal"," T"," 01:31:55"
"colombia"," T"," 10:34:10"
"wasn"," T"," 16:22:32"
"professional organization develops"," T"," 21:36:26"
"impossible"," T"," 19:29:03"
"broken shoulder suffered"," T"," 22:52:07"
"millions"," T"," 20:02:50"
"details happened"," T"," 18:46:00"
"assange clinton"," T"," 05:30:06"
"ring amid reports saxophonist"," T"," 10:03:16"
"introduction"," T"," 13:10:08"
"arlington"," T"," 03:01:31"
"google api proximity search"," U"," 19:00:46"
"Commercial"," T"," 22:05:10"
"obama gulf"," T"," 14:56:17"
"details about"," T"," 18:35:23"
"with often experiencing"," T"," 04:00:44"
"Company also provide"," T"," 05:29:59"
"hefty 300m vat"," T"," 14:56:21"
"suffered while"," T"," 22:45:45"
"Indian software"," T"," 12:19:25"
"last this"," T"," 21:12:33"
"the pc"," T"," 06:05:10"
"might have been"," T"," 17:19:28"
"Deal will with"," T"," 18:28:28"
"that"," T"," 14:58:47"
"awk tutorial"," T"," 14:53:47"
"compile java programs command prompt"," U"," 19:47:16"
"drinking water project"," T"," 16:11:21"
"set classpath linux"," T"," 20:16:18"
"House Executive Chef"," T"," 15:48:52"
"mysql import gz"," T"," 20:26:21"
"told them they"," T"," 14:37:18"
"ever forget impossible"," T"," 17:36:53"
"hear from Mark"," T"," 06:31:10"
"hds bluearc bluearc"," T"," 19:58:16"
"Horses that have"," T"," 14:49:53"
"with women experiencing"," T"," 21:56:30"
"filebench documentation programmers"," U"," 00:13:57"
"objects pass by reference C "," U"," 20:43:11"
"pft giants minnesota"," T"," 17:41:22"
"obama"," T"," 21:29:46"
"shell script unix loop"," U"," 17:33:47"
"c  memory loops"," U"," 23:51:03"
"the truth californian nasa"," T"," 01:15:42"
"charged with fraud"," T"," 14:37:16"
"About Obama"," T"," 01:37:09"
"enabled"," T"," 05:29:43"
"little release from"," T"," 19:03:11"
"little press from"," T"," 05:52:42"
"attackers point cause wikileaks"," T"," 19:49:59"
"street"," T"," 20:16:39"
"longest common subsequence implementation C "," U"," 19:18:27"
"Dubai featuring spacious"," T"," 19:46:12"
"Truth About Barack"," T"," 01:22:41"
"c  memory eclipse"," T"," 02:13:28"
"scans"," T"," 03:01:47"
"dow wall street"," T"," 03:01:37"
"have thought some"," T"," 03:04:47"
"Play with prototypes"," T"," 16:17:27"
"Hamilton dodge winter"," T"," 18:04:10"
"microsoft webos"," T"," 19:40:09"
"sal"," T"," 17:00:51"
"nokia nfc"," T"," 06:07:11"
"fed more"," T"," 19:49:39"
"assange"," T"," 21:09:07"
"video traveling americas"," T"," 14:23:13"
"activist nigeria"," T"," 03:01:14"
"benchmarking filesystem latency"," T"," 02:46:41"
"is there a cycle in a graph"," T"," 23:26:53"
"told that"," T"," 19:32:51"
"locations Brook"," T"," 02:28:50"
"world ritz"," T"," 04:39:08"
"dashratha ge"," T"," 10:44:55"
"git single file"," T"," 21:27:30"
"airfield operations transfer"," T"," 00:27:19"
"noon colorado"," T"," 14:56:32"
"highly chauffeur driven"," T"," 14:58:41"
"Circuits circuit"," T"," 16:17:02"
"is there a cycle in a graph DFS"," U"," 23:25:04"
"operated Badcock Furniture"," T"," 12:26:42"
"interpol julian assange"," T"," 18:04:02"
"police alabama march"," T"," 23:50:16"
"will join with"," T"," 09:57:06"
"web store"," T"," 05:15:32"
"din dhal jaye guide"," T"," 00:00:57"
"video obama senate"," T"," 11:24:35"
"newsweek should"," T"," 23:45:27"
"coming into night"," T"," 05:56:25"
"Corporation efforts"," T"," 12:49:20"
"video video"," T"," 03:29:37"
"search query similarity ai"," U"," 19:51:45"
"git single file changes"," U"," 21:25:05"
"Asia cultural"," T"," 18:08:11"
"creative commons license"," U"," 23:54:59"
"sematic distance between words api"," U"," 19:05:27"
"din dhal ja"," U"," 00:00:12"
"python matplotlib"," T"," 05:47:39"
"korean il"," T"," 23:11:26"
"clustering methods"," U"," 19:35:29"
"been Khoi Vinh"," T"," 19:03:18"
"string C "," U"," 19:14:12"
"celebrity hentai parodies"," T"," 15:10:23"
"Available"," T"," 00:56:18"
"tripod adapter binoculars deal"," T"," 13:06:54"
"latest around"," T"," 19:50:04"
"ellison sparc t4"," T"," 12:48:57"
"Play around with prototypes"," T"," 22:20:17"
"obama no east"," T"," 13:17:14"
"steve 15bn facebook"," T"," 05:56:30"
"might find"," T"," 00:56:02"
"din dha"," T"," 00:00:10"
"binoculars astronomy"," T"," 17:01:50"
"out of memory process ubuntu"," U"," 21:08:37"
"wikileaks pope"," T"," 20:52:24"
"backdoor stimulus"," T"," 13:56:32"
"javac class and interface"," U"," 19:52:14"
"google chrome chrome"," T"," 03:35:40"
"local district"," T"," 05:29:50"
"interpol wikileaks julian"," T"," 22:43:24"
"winpho"," T"," 19:58:12"
"lost persian gulf"," T"," 21:44:57"
"iconic Theater"," T"," 15:19:50"
"accident"," T"," 23:48:38"
"1366x768 wallpapers"," U"," 14:30:23"
"says guards"," T"," 05:52:34"
"View post unityremote"," T"," 20:06:06"
"ubuntu record commands"," T"," 00:48:30"
"magazine called"," T"," 03:39:44"
"castrodale"," T"," 19:40:04"
"marathi"," T"," 01:31:26"
"Indian Foreign"," T"," 03:21:36"
"affirmed that would"," T"," 14:58:51"
"dasraha"," U"," 10:44:45"
"acquired cloud software"," T"," 11:06:08"
"c  double free or corruption out"," T"," 22:19:13"
"lock birmingham it"," T"," 23:46:09"
"korean kim"," T"," 23:02:32"
"International Business Machines"," T"," 16:28:12"
"making Android"," T"," 20:11:46"
"Schultz into"," T"," 01:13:38"
"only magazine called"," T"," 06:06:35"
"forget impossible"," T"," 13:17:19"
"uga ata"," T"," 16:40:25"
"normalized moregooglecode"," U"," 18:43:06"
"httpfeedscybercitibizNixcraftLinuxFreebsdSolarisTipsTricks"," T"," 15:23:16"
"One or more partitions are busy on devsda"," T"," 22:33:35"
"will with"," T"," 11:24:43"
"cable saddam hussein"," T"," 02:07:52"
"wikileaks assange"," T"," 17:55:01"
"interpol wikileaks assange"," T"," 18:03:58"
"deals hot"," U"," 01:19:27"
"cse506 hw3txt"," T"," 00:33:42"
"with women often"," T"," 05:56:38"
"Employers appeared eager"," T"," 02:05:16"
"jobs"," T"," 20:11:27"
"Thursday that technical problems"," T"," 02:04:58"
"white house wikileaked"," T"," 05:29:39"
"Hamilton will winter"," T"," 20:06:09"
"dvdr d"," U"," 00:57:13"
"credit suisse recruitment"," U"," 18:00:26"
"google search proximity distance java"," U"," 18:57:18"
"106yearold"," T"," 03:01:59"
"merlin immature falcon"," U"," 09:47:09"
"told them that"," T"," 19:57:54"
"javalangClassNotFoundException jar main"," U"," 23:59:16"
"odd cycle graph"," U"," 17:35:15"
"Company People"," T"," 15:07:44"
"update computer hardware"," T"," 15:48:10"
"salesforce ruby"," T"," 04:00:29"
"Western Michigan"," T"," 04:00:48"
"google search distance moregooglecode"," T"," 18:47:45"
"geet"," U"," 17:00:46"
"named Schultz"," T"," 23:58:46"
"iran freeing"," T"," 19:10:14"
"Microsoft Says Recovery from"," T"," 23:54:15"
"ebookstore"," T"," 00:01:32"
"cnncom"," T"," 20:26:03"
"the caucus how community"," T"," 18:29:51"
"taxcut deal"," T"," 18:21:19"
"genome assembly high error high gaps"," T"," 18:44:21"
"out of memory C  application ubuntu "," T"," 21:10:33"
"health will"," T"," 21:11:21"
"economic scene for obama deal"," T"," 14:43:17"
"Rose wasn"," T"," 16:17:19"
"dasrathaha"," U"," 10:44:46"
"Company Hires People"," T"," 23:15:52"
"parodies with another"," T"," 14:28:10"
"free invalid next size normal"," T"," 01:35:40"
"historical tornado activity"," T"," 14:40:32"
"Whidden leaves Ellenton"," T"," 20:59:16"
"apple intel"," T"," 06:31:17"
"dvdr d"," U"," 00:57:14"
"judge miller alaska"," T"," 17:41:53"
"lost gulf"," T"," 23:56:36"
"release"," T"," 18:03:52"
"unix shell script checking number of command line parameters passed"," T"," 19:36:11"
"Education"," T"," 17:51:29"
"prosecutors unseal against"," T"," 04:14:33"
"Company Only People"," T"," 15:21:06"
"optimum nutrition na"," T"," 23:06:07"
"anthropogenic environmental which"," T"," 18:24:13"
"c  substr"," T"," 12:16:18"
"Closed Plant"," T"," 19:11:13"
"acquired"," T"," 06:20:16"
"health"," T"," 22:06:23"
"whose servers"," T"," 20:25:55"
"segmentation fault C"," T"," 22:50:19"
" memory eclipse"," T"," 04:49:10"
"operated Badcock stores"," T"," 21:32:16"
"allure"," T"," 03:10:14"
"filebench documentation"," U"," 00:15:27"
"Perform Maximum Working"," T"," 20:42:41"
"Machines Corporation"," T"," 16:22:41"
"Hermosa"," T"," 06:06:54"
"reg ouch"," T"," 05:29:47"
"using multiple classpath linux java"," T"," 20:13:34"
"javac classpaths multiple linux"," T"," 20:16:24"
"weird amazon"," T"," 19:11:32"
"iran tv feds"," T"," 01:47:45"
"javac interface compile"," U"," 19:54:45"
"cloud storage services"," T"," 21:42:39"
"din dhal"," U"," 00:00:11"
"deals portable storage"," T"," 01:11:09"
"what is readwrite latency"," T"," 03:26:48"
"bulls lakers 4th"," T"," 18:27:16"
"Global Issues"," T"," 00:37:48"
"author"," T"," 01:00:40"
"reading"," T"," 21:47:23"
"Thursday that technical problems wikileaks"," T"," 01:49:45"
"donkey country returns"," T"," 10:10:33"
"amazon kindles wikileaks"," T"," 06:31:02"
"Dubai International Financial"," T"," 00:03:58"
"search distance moregooglecode"," U"," 18:45:17"
"notice"," T"," 06:31:28"
"PlayStation Move controllers"," T"," 05:36:29"
"serious head after"," T"," 19:48:09"
"local district will"," T"," 21:11:25"
"from Cedar"," T"," 20:28:53"
"supermarket"," T"," 05:30:09"
"edit distance using C "," T"," 18:20:03"
"for each file loop shell script linux"," U"," 15:23:05"
"Canon"," T"," 17:27:05"
"chinese peace prize"," T"," 15:58:50"
"nation last"," T"," 23:53:09"
"Play around prototypes"," T"," 16:22:06"
"shepherd named into"," T"," 21:48:30"
"Federal Trade supported"," T"," 10:50:28"
"climate"," T"," 17:41:43"
"lennon was killed"," T"," 14:18:06"
"disease outbreaks"," T"," 06:06:41"
"storm system"," T"," 10:16:04"
"serious head injuries"," T"," 19:34:47"
"korean kim il"," T"," 18:35:10"
"din fd"," U"," 00:00:07"
"turned down acquired"," T"," 23:17:40"
"s"," T"," 04:31:41"
"that technical"," T"," 01:56:57"
"siberian atm"," T"," 06:07:02"
"pressed kidnapping cia"," T"," 23:39:11"
"your when"," T"," 17:41:30"
"dvdr deals"," U"," 00:55:23"
"ubuntu process management GUI"," T"," 23:05:22"
"forget xmas get bulldozer deathmatch"," T"," 23:11:42"
"groups"," T"," 13:02:21"
"Information"," T"," 23:45:11"
"geo wild"," T"," 16:16:58"
"ubuntu increase per process memory"," T"," 21:12:29"
"c  ebooks"," T"," 23:57:47"
"por"," T"," 00:58:07"
"Bank implements policy"," T"," 20:47:57"
"sony ms 41m"," T"," 21:11:19"
"normalized google distance java api"," U"," 18:41:31"
"olympus lens reviews"," U"," 17:10:38"
"iconic Theater where"," T"," 15:19:45"
"compare strings sh"," U"," 19:50:38"
"dell compellent"," T"," 04:00:51"
"broken suffered while"," T"," 22:42:22"
"ASSOCIATED PRESS Staff Writer"," T"," 17:45:37"
"jobless"," T"," 03:29:45"
"ten essential"," T"," 14:56:07"
"Horses have"," T"," 15:27:37"
"three"," T"," 06:31:08"
"Company also maintenance"," T"," 17:36:56"
"assange clinton lowe"," T"," 18:46:49"
"dealing with overlaps with error genome"," T"," 18:50:01"
"chori chri hum"," U"," 09:55:34"
"maintenance"," T"," 17:37:00"
"playstationpacking"," T"," 16:17:56"
"Indian Direct"," T"," 00:55:58"
"should resign over"," T"," 05:30:04"
"newark nj"," T"," 15:29:22"
"technical paper sections"," U"," 21:22:59"
"secret that public"," T"," 03:43:49"
"which South Yorkshire"," T"," 20:47:12"
"uga gee"," U"," 16:40:36"
"talks korean Employers appeared relatively"," T"," 23:00:58"
"founder says against"," T"," 05:52:31"
"that large public"," T"," 03:01:34"
"researchers internet explorer protected mode"," T"," 23:36:15"
"update computer"," T"," 15:38:28"
"forget get bulldozer deathmatch"," T"," 21:31:14"
"Stanford Open Hours"," T"," 19:05:39"
"just interesting extensions"," T"," 13:51:24"
"been reading Khoi"," T"," 20:59:09"
"undefined reference to yyin"," T"," 03:50:58"
"this clearly introduction"," T"," 03:35:28"
"jobs"," T"," 03:01:04"
"resisted"," T"," 21:31:04"
"guards against death threats"," T"," 23:34:45"
"papers show breadth emergency measures"," T"," 19:11:27"
"Communications Companies Battle"," T"," 05:29:37"
"only magazine Project"," T"," 03:57:30"
"Chinese"," T"," 20:59:05"
"castrodale there nfl"," T"," 16:22:12"
"which indeed have"," T"," 17:36:36"
"vikings los angeles"," T"," 11:11:34"
"systems with police"," T"," 19:11:21"
"make this"," T"," 01:22:33"
"seagate constellation"," T"," 22:03:20"
"execute jar java"," U"," 21:38:12"
"Clinical"," T"," 04:40:29"
"bolivians sony ericsson"," T"," 19:02:28"
"little press release"," T"," 05:52:50"
"secret santas"," T"," 11:24:46"
"anonymous latest roundup"," T"," 14:36:50"
"peregrine immature"," T"," 09:46:17"
"Cristeta Will Keep"," T"," 22:19:58"
"locations Stony"," T"," 14:13:58"
"bitter europe"," T"," 23:22:37"
"wikileaks us"," T"," 21:41:47"
"madoff"," T"," 17:26:08"
"Badcock stores"," T"," 19:50:12"
"One or more partitions are busy on devsda ubuntu"," U"," 22:34:33"
"google adobe flash"," T"," 17:52:13"
"latex editor linux gummy"," T"," 19:22:44"
"only feminist when leftist"," T"," 18:03:57"
"serious injuries after"," T"," 06:10:20"
"BOWERY POETRY CLUB WEBSITE"," T"," 17:57:42"
"cosmic log make"," T"," 21:29:59"
"magazine called Project"," T"," 05:40:02"
"dems"," T"," 20:26:05"
"Andrews airfield transfer"," T"," 16:05:46"
"blac"," U"," 04:27:33"
"droid exploded texan"," T"," 01:31:34"
"making Android Appliances such"," T"," 16:22:37"
"STAR Testing"," T"," 16:29:58"
"Clinic provides free"," T"," 22:35:01"
"Soccer"," T"," 16:17:16"
"the reg ouch"," T"," 13:30:14"
"that technical problems"," T"," 04:43:29"
"Western Support Clusters"," T"," 06:30:58"
"travel across"," T"," 15:41:16"
"marathi song"," U"," 01:31:32"
"airport"," T"," 19:40:00"
"storm system that"," T"," 01:30:08"
"caucus"," T"," 18:53:41"
"14yearold mexican"," T"," 20:25:48"
"microsoft silverlight html"," T"," 21:29:25"
"part harmony performance"," T"," 15:06:02"
"Rehmannia glutinosa bacterium"," U"," 08:17:44"
"video officer"," T"," 03:01:16"
"local health will"," T"," 05:46:36"
"Recognizing that graphic design"," T"," 14:17:28"
"major facebook zuckerberg"," T"," 00:40:10"
"POETRY WEBSITE"," T"," 22:28:28"
"november have cracked software"," T"," 18:24:45"
"borough units"," T"," 18:46:33"
"birds technical paper algorithm"," U"," 17:34:36"
"website that sells products"," T"," 00:15:36"
"optim"," T"," 23:06:03"
"apigooglecom"," T"," 18:42:58"
"CORPORATION this"," T"," 00:27:15"
"binoculars"," U"," 17:00:39"
"locations near Brook"," T"," 14:01:47"
"Parliament Mike"," T"," 09:56:47"
"latex no newpage"," U"," 01:05:17"
"benchmarking filesystem latency"," U"," 02:46:50"
"spacex dragon pacific"," T"," 18:12:29"
"opportunity"," T"," 13:17:18"
"South cultural"," T"," 05:56:46"
"thoughts"," T"," 03:14:57"
"c  append to file"," T"," 12:16:12"
"sprint ceo wimax"," T"," 04:00:21"
"vermont"," T"," 22:10:32"
"serious head injuries after"," T"," 19:51:47"
"slanders"," T"," 17:52:29"
"Trade Commission"," T"," 10:57:46"
"View this post unityremote"," T"," 20:06:02"
"by big cat nat"," T"," 03:20:35"
"authors Supv Markets"," T"," 05:11:39"
"Chinese dark eyed"," T"," 21:19:50"
"dozens umass vermont"," T"," 21:39:13"
"jar main not found java"," T"," 22:17:34"
"genome assembly high error"," U"," 18:23:12"
"vector c  examples"," T"," 20:02:45"
"from great"," T"," 11:06:20"
"rain east coast"," T"," 01:22:25"
"ipadsmuggling china"," T"," 05:33:11"
"serious injuries"," T"," 19:40:08"
"told they"," T"," 19:28:33"
"howard stern 5year"," T"," 02:07:15"
"marathi spong"," U"," 01:31:30"
"rail nyc newark"," T"," 21:54:13"
"disney 2nd"," T"," 20:11:22"
"out of memory C  application"," U"," 21:10:42"
"this no silent"," T"," 14:56:25"
"artsbeat jim morrison pardoned"," T"," 18:33:26"
"Yorkshire"," T"," 13:45:45"
"might find driving"," T"," 18:46:54"
"little from"," T"," 08:29:32"
"birds algorithm"," U"," 17:37:26"
"latex constant width"," U"," 01:56:48"
"c  delete multidimensional array of objects"," U"," 03:15:16"
"Open Office Hours"," T"," 20:05:58"
"categorylinkssqlqz archive"," U"," 20:26:34"
"injuries"," T"," 06:45:58"
"vikings los angeles"," T"," 05:11:30"
"fujinon"," T"," 17:14:20"
"newsweek are"," T"," 23:53:34"
"feminist"," T"," 15:11:53"
"trackmenot"," U"," 20:44:02"
"Cristeta Will"," T"," 22:20:02"
"sulu series this"," T"," 22:16:43"
"secretive x37b earth"," T"," 20:25:52"
"Asia social cultural"," T"," 05:56:41"
"South Asia social"," T"," 18:13:07"
"spanning tree"," U"," 17:30:59"
"cohen dies"," T"," 19:39:49"
"whose servers have"," T"," 19:02:32"
"nation last night resembled"," T"," 00:00:22"
"Rehmannia glutinosa phytoplasma"," T"," 22:06:32"
"smart"," T"," 20:16:28"
"notice have been"," T"," 22:16:31"
"diary notspot one"," T"," 14:19:26"
"compellent vmware srm"," T"," 19:10:57"
"this structured introduction"," T"," 21:03:04"
"emergency"," T"," 17:52:16"
"droid exploded texan"," T"," 05:59:19"
"anthropogenic which"," T"," 18:20:24"
"scene "," T"," 04:33:25"
"Federal Commission supported"," T"," 21:29:27"
"Project"," T"," 13:18:33"
"cultural"," T"," 17:36:40"
"what happened"," T"," 22:34:55"
"nj nuclear closing early"," T"," 00:12:01"
"geet ramayan"," U"," 16:41:22"
"Clinic free information"," T"," 19:50:16"
"from Hills"," T"," 19:03:07"
"jackson aretha franklin"," T"," 15:19:43"
"clusters visual"," U"," 19:38:53"
"obama no"," T"," 15:54:16"
"linux broadcast message"," U"," 00:24:17"
"vivitar"," U"," 19:07:16"
"1tb sff constellation"," T"," 22:25:56"
"google search proximity distance query"," T"," 18:58:20"
"Academic Name"," T"," 12:54:06"
"Badcock Furniture"," T"," 19:32:04"
"vail home webos"," T"," 17:52:00"
"popular"," T"," 16:37:33"
"soccer player"," T"," 22:00:28"
"multinational invested"," T"," 15:02:20"
"merge overlapping subsequences"," U"," 16:37:59"
"easyinstall ubuntu"," U"," 05:52:58"
"create jar file command prompt"," T"," 20:12:43"
"google chrome"," T"," 06:31:04"
"near Stony Brook anthropogenic"," T"," 15:54:59"
"network bysigning Japanese"," T"," 11:51:25"
"acquired software"," T"," 10:10:23"
"sales network"," T"," 04:05:44"
"polygamist texas"," T"," 00:06:18"
"Cheap Nonstop Flights"," T"," 21:15:26"
"charge over Halliburton"," T"," 16:16:54"
"kim jong"," T"," 17:19:17"
"examples"," T"," 18:46:08"
"search query similarity api"," U"," 19:51:48"
"feds us"," T"," 17:10:09"
"International"," T"," 16:14:18"
"external jar specification in ant"," T"," 21:15:58"
"graphic design"," T"," 15:19:29"
"vortex binocular adapter review"," T"," 13:17:11"
"they cryptographers"," T"," 05:36:56"
"Recognizing design"," T"," 15:19:32"
"peregrine falcon vs pigeon"," U"," 01:23:39"
"interpol called founder"," T"," 19:39:55"
"accidental"," U"," 23:48:39"
"arrays by reference c  "," T"," 12:44:51"
"local health district"," T"," 21:11:29"
"google search distance query"," U"," 18:48:12"
"matrix in latex"," U"," 05:04:52"
"Ponzi scheme"," T"," 17:41:06"
"latex formatting text"," T"," 01:57:30"
"caused chaos across"," T"," 15:12:11"
"charge Cheney over"," T"," 16:02:26"
"indian pak"," T"," 16:02:56"
"founder said"," T"," 13:11:24"
"black a"," T"," 00:53:55"
"Employers eager"," T"," 15:31:11"
"affirmed would"," T"," 12:49:07"
"javac interface compile cannot find symbol"," U"," 20:03:10"
"seacrh privacy"," T"," 20:51:24"
"release from"," T"," 05:52:46"
"Rugby fans heading"," T"," 00:46:53"
"more expressive of the real scenario english"," T"," 01:24:36"
"who"," T"," 15:02:38"
"notice might have"," T"," 03:07:08"
"credit suisse career"," T"," 18:10:14"
"fed show breadth emergency measures"," T"," 19:11:24"
"Visit POSTCARDS FROM BUSTER"," T"," 23:35:54"
"gosselin"," T"," 19:39:40"
"wikileaks us Championship"," T"," 21:54:51"
"hayden who wikileaks"," T"," 01:50:02"
"head injuries after"," T"," 20:58:14"
"how"," T"," 23:33:35"
"normalized google distance moregooglecode"," U"," 18:43:11"
"Hamilton winter"," T"," 02:46:45"
"compellent vmware srm"," T"," 18:46:43"
"daud songs"," T"," 04:28:33"
"dell compellent prosecutors"," T"," 05:56:34"
"Thursday that problems"," T"," 02:05:00"
"life examples make"," T"," 17:19:22"
"me immature"," T"," 09:46:52"
"reg hardware digest"," T"," 00:45:46"
"fierce macroburst with"," T"," 11:34:25"
"comparing obama clinton"," T"," 21:15:08"
"Beckham"," T"," 23:55:11"
"smear"," T"," 21:49:33"
"korean jong il"," T"," 17:41:50"
"Information disease outbreaks"," T"," 15:37:35"
"craigslist"," T"," 03:01:21"
"git single file reset"," U"," 22:44:29"
"Deal join with"," T"," 21:39:10"
"anonymous wikileaks latest"," T"," 22:45:12"
"Leinster fans heading"," T"," 00:38:38"
"meyer down florida"," T"," 19:18:01"
"White House Should"," T"," 14:40:27"
"test framework agnostic"," T"," 19:11:05"
"vivitar 1300mm"," T"," 19:07:04"
"White House Executive Chef"," T"," 16:22:34"
"kim il"," T"," 22:55:31"
"git single file status"," T"," 21:27:46"
"chicago"," T"," 19:11:18"
"clinton"," T"," 19:58:32"
"fsdt"," T"," 09:43:55"
"sales network bysigning"," T"," 13:51:37"
"pyplot python ubuntu"," T"," 05:48:13"
"View blog"," T"," 14:37:05"
"Clinical Support Clusters"," T"," 21:33:21"
"servers"," T"," 01:40:51"
"because"," T"," 02:50:20"
"did spurs ufo"," T"," 17:19:38"
"pbt did ufo"," T"," 20:56:12"
"acquired cloud provider"," T"," 11:06:11"
"shepherd named Schultz into"," T"," 21:15:33"
"Education fosters human"," T"," 16:22:25"
"ibm power systems"," T"," 04:22:04"
"framework extensions"," T"," 21:52:50"
"trials with binary"," T"," 17:41:18"
"Perform Maximum Working Conditions"," T"," 21:16:16"
"while mountain biking from"," T"," 17:19:11"
"death id 65m"," T"," 19:49:52"
"herts"," T"," 15:19:36"
"data deduplication"," T"," 01:07:45"
"grep matching lines before and after"," T"," 18:52:25"
"dasharatha geet ramayan"," U"," 10:46:21"
"crippled bering sea"," T"," 09:51:34"
"summer internships graduate students"," U"," 19:35:00"
"Bend area"," T"," 18:16:30"
"deals hard drive portable"," U"," 03:00:55"
"optimum "," T"," 23:06:04"
"motorola"," T"," 19:58:04"
"South social cultural"," T"," 19:18:20"
"pass by reference C "," T"," 20:49:17"
"regarding Microsoft Windows"," T"," 14:37:13"
"that some"," T"," 21:29:10"
"guards against death"," T"," 06:09:44"
"segmentation fault"," T"," 22:30:56"
"bill hold"," T"," 21:20:06"
"jury elizabeth smart"," T"," 22:35:17"
"salil kulkar"," T"," 17:00:53"
"external jar in ant script"," T"," 21:22:43"
"water project come"," T"," 15:29:20"
"ginobili"," T"," 21:10:55"
"most will need"," T"," 09:48:25"
"google drm widevine"," T"," 12:49:05"
"constitutional republic comprising"," T"," 19:43:30"
"ordnance survey hq"," T"," 06:06:46"
"ceiling C  math"," T"," 21:11:00"
"Andrews airfield operations"," T"," 12:49:25"
"answer its winner"," T"," 21:48:19"
"Western Support"," T"," 05:20:50"
"Employers appeared"," T"," 20:59:18"
"normalized google distance api"," T"," 18:40:15"
"chinese exports imports"," T"," 22:34:49"
"nyc newark nj"," T"," 14:56:14"
"nyt cables russia"," T"," 19:57:56"
"Information about"," T"," 14:56:12"
"news stories Europe"," T"," 20:59:23"
"boyfriend nyc"," T"," 18:11:43"
"from news"," T"," 20:10:07"
"cloud software"," T"," 11:06:12"
"graph theory"," T"," 17:18:43"
"cse506 hw3txt"," T"," 01:46:48"
"string class c "," U"," 15:10:42"
"more expressive"," T"," 02:03:43"
"Companies Battle"," T"," 18:58:05"
"Recognizing that"," T"," 15:19:17"
"stories"," T"," 13:17:25"
"video traveling americas"," T"," 16:22:22"
"c  substring"," U"," 03:21:39"
"gates repeal"," T"," 21:37:18"
"ubuntu log all commands"," T"," 01:00:30"
"caused travel across"," T"," 03:01:42"
"writing an ant script"," T"," 20:22:27"
"notice might been"," T"," 22:16:34"
"subzero temperatures swept"," T"," 12:49:26"
"dashratha geet r"," T"," 10:44:56"
"longest common subsequence c "," T"," 15:01:02"
"wont end ban eastern"," T"," 17:52:18"
"apt file search"," U"," 22:15:40"
"uga geet rama"," T"," 16:40:37"
"quantum"," T"," 19:11:04"
"arrests spain thailand"," T"," 19:58:25"
"javac interface compile and class"," U"," 20:02:40"
"google gmail microsoft"," T"," 05:11:25"
"resize a swap partition ubuntu 10"," U"," 22:37:54"
"share them your"," T"," 02:41:08"
"anonymous wikileaks roundup"," T"," 22:48:21"
"normalized google search distance HTTP11 200 26543 httpsourceforgenetsearchqgoogle search"," T"," 18:54:51"
"Things cause sorrow"," T"," 21:31:10"
"awk columns"," T"," 14:54:47"
"Truth Obama"," T"," 22:19:44"
"Western Clinical Support"," T"," 05:28:07"
"servers cultural"," T"," 21:36:41"
"Company Only Hires People"," T"," 23:09:50"
"house dem caucus"," T"," 18:03:59"
"judges operation ore"," T"," 13:36:56"
"suffered"," T"," 17:48:23"
"fujitsu"," T"," 21:29:38"
"life make this"," T"," 22:50:08"
"details"," T"," 02:53:11"
"Chinese emerged"," T"," 04:00:42"
"memory eclipse CDT"," U"," 02:14:19"
"apple 3d"," T"," 22:28:44"
"binoculars astronomy review"," U"," 17:02:47"
"David Beckham into"," T"," 20:26:13"
"locations wikileaked"," T"," 17:36:33"
"about happened"," T"," 23:51:52"
"external jar specification in ant buildxml"," U"," 21:15:59"
"Higher fosters"," T"," 04:00:26"
"might yourself driving"," T"," 17:41:33"
"website that sells"," T"," 00:07:46"
"c  arrays parameter functions"," T"," 06:19:13"
"only magazine called Project"," T"," 03:45:47"
"no newpage latex"," T"," 01:17:03"
"dashratha g"," U"," 10:45:02"
"time authors like"," T"," 15:42:29"
"woes"," T"," 18:54:32"
"000 bosnia"," T"," 22:20:08"
"One or more partitions are busy on devsda ubuntu"," T"," 22:34:40"
"Leinster Rugby heading"," T"," 00:51:25"
"two russian"," T"," 16:22:27"
"Employers appeared relatively"," T"," 17:41:46"
"swat easter islanders"," T"," 11:38:40"
"fast "," U"," 09:43:58"
"building"," T"," 12:49:30"
"Perform Working Conditions"," T"," 01:49:40"
"draw chart in openoffice x y"," U"," 16:16:06"
"fsd"," U"," 09:43:54"
"dvd"," T"," 00:56:17"
"longest common subsequence implementation"," T"," 19:25:43"
"only feminist when"," T"," 11:24:30"
"dad mich"," T"," 19:39:31"
"glory for unityremote"," T"," 21:54:18"
"have software"," T"," 14:56:28"
"will depend upon"," T"," 21:28:55"
"jong"," T"," 04:01:02"
"feminist when"," T"," 14:13:59"
"final discovery february"," T"," 05:29:54"
"log c "," T"," 01:58:51"
"international"," T"," 19:17:58"
"wikileaks expect ufo"," T"," 23:45:29"
"another pact russia"," T"," 18:42:12"
