Till now, I do not, know why nikhil did this
europe quell its debt, T, 19:47:52
levi dubrawsky, T, 19:03:01
red hat, T, 19:48:02
russian pm putin cup, T, 17:55:45
github add collaborators, U, 15:42:34
is TMN working , U, 13:13:59
cut, T, 18:56:54
photobucket, T, 19:37:50
new york lose house, T, 19:09:48
swan sex scene, T, 19:19:29
box office mojo, T, 13:30:56
movie obama ben roethlisberger baltimore ravens, T, 17:55:46
charge, T, 17:49:38
going, T, 14:34:27
chipotle, T, 19:32:22
millions, T, 18:30:35
pledges, T, 13:31:07
kicks tv, T, 17:55:54
design within reach, T, 19:54:06
box office, T, 14:57:31
meet robert pattinson for, T, 15:08:45
cavs lebron, T, 13:46:07
was court fired for leaking, T, 19:03:15
rotten tomatoes, T, 13:31:10
sony, T, 13:46:08
dell duo, T, 13:45:59
rain east coast, T, 13:40:11
synapse, U, 13:17:38
punctuation regular expression class python, U, 16:43:08
rand C, U, 13:43:30
lede latest leaks, T, 19:09:33
millsberry, T, 19:31:45
planet earth, U, 16:59:33
phone actress, T, 19:25:41
hope for broadway, T, 19:54:01
macys, U, 17:45:57
python stderr print, U, 21:24:51
synapse ubuntu, U, 13:17:44
we will see, U, 13:14:00
cat on mat, U, 19:28:12
ford gt price, T, 19:32:06
secondincommand, T, 14:34:03
kourtney kardashian, T, 18:22:14
trying again, U, 13:12:45
gplv3 license file, U, 16:51:28
russell peters, T, 14:34:37
billie jean lyrics, T, 18:48:04
flower, U, 19:54:11
countdown timer, T, 19:25:27
bed bath and beyond, T, 19:32:05
police london, T, 19:31:37
google adds trees, T, 17:55:21
ford gm sales november, T, 19:32:20
download web history, U, 17:49:08
normalized google distance calculator, U, 18:57:12
random C, U, 13:43:21
wachovia, T, 19:03:14
fcc on neutrality, T, 14:39:12
health, T, 19:25:28
share with montauk ny, T, 19:09:13
giant ark kentucky, T, 13:57:13
125m, T, 17:49:33
fcc to vote on net neutrality, T, 14:34:41
student universe, T, 14:01:46
choice mourning during freshman year, T, 17:45:33
million, T, 17:49:17
full upper denture, T, 17:49:31
internet new york, T, 17:49:24
supreme models, T, 13:31:18
willow smith, T, 19:25:51
normalized google distance python, U, 18:57:40
millionaire matchmaker nyc, T, 14:15:13
regular expression punctuation, U, 16:39:22
photobomb, T, 13:46:15
publishers weekly, T, 17:49:09
movie obama ravens, T, 17:55:50
economix delayed, T, 18:44:08
internet root servers, T, 19:03:36
synapse linux gnome do, U, 13:18:22
itunes, T, 19:47:42
do while python, U, 21:22:25
airport, T, 18:35:12
judge virginia obama, T, 14:34:33
calling uk from us, T, 14:21:01
numresults xgoogle problem, U, 20:06:29
commit, T, 13:30:49
economics effective demand, T, 18:39:28
gm sales rose november, T, 19:02:54
car nissan japan red asia spice, U, 20:10:14
supercuts, T, 19:09:16
choice during freshman, T, 19:26:09
normalized google distance implementation, U, 19:23:36
google earth live, T, 17:55:15
the choice house, T, 19:25:38
court p2p innocent sharing, T, 13:30:45
depp feels sorry for poor thing, T, 14:34:13
hope fading for spidey on broadway, T, 19:48:25
weather, U, 14:32:35
phone claim, T, 19:25:46
gnu site compromised, T, 17:45:44
R language, U, 19:30:12
runnable jar create, U, 21:46:26
supreme court p2p sharing, T, 19:09:23
ipad drawing pen, U, 17:46:29
assange clinton, T, 13:22:36
design hosting software, T, 19:54:07
runnable jar, U, 21:41:35
russian keyboard, T, 17:55:26
australian slang, T, 14:25:07
nj lottery, T, 19:09:41
going through changes lyrics, T, 13:31:13
share the little things, T, 19:09:10
wikileaks video, T, 19:09:39
lowe, T, 19:26:12
Is that good , U, 13:10:52
lede live end dead end, T, 19:09:28
hamas qaeda gaza, T, 19:26:20
jordan, U, 20:22:04
normalized google distance python, U, 18:57:36
routing loop cisco, T, 19:03:41
hallows, T, 13:46:14
normalized google distance python Euclidean, U, 19:09:19
car, U, 20:05:34
meebo, T, 17:45:52
will unveil scandal, T, 19:25:56
try again, U, 13:11:39
levis, T, 19:02:58
gnu savannah, T, 13:30:57
the onion, T, 19:25:32
kicks tv, T, 17:45:28
try catch python, U, 21:19:18
car nissan japan red tire spice, U, 20:10:33
december, T, 19:03:28
punctuation regular expression class, U, 16:42:43
court innocent sharing microsoft, T, 13:31:26
ben barber linen, T, 18:15:26
ben roethlisberger punched, T, 18:15:25
ecuador news, T, 14:43:04
murder, T, 19:42:53
meetup nyc, T, 17:45:51
choice mourning during freshman year, T, 19:26:05
raymour and flanigan, T, 18:09:39
NGD wikipedia, U, 19:50:41
Semantic Similarity, U, 19:08:25
python google normalized distance euclidean, U, 19:00:59
git revert changes, U, 21:52:35
googles hidden message, U, 14:10:28
hitachi door spinning platters, T, 19:48:24
millionaire jackson fires hobbit manager, T, 19:54:25
giant noah ark kentucky, T, 13:52:09
assange molestation, T, 19:31:40
you, T, 19:03:19
gnu site compromised, T, 13:31:02
supreme court refuses p2p innocent sharing, T, 13:30:40
meet robert pattinson for, T, 15:03:21
warren jeffs texas, T, 15:15:47
may, T, 19:47:57
gplv3 license to be used in code, U, 16:51:49
delight, T, 19:32:25
depp sorry for poor thing, T, 14:34:17
aussie locker, T, 19:31:30
effects of bullying, T, 14:51:56
rally to restore sanity, T, 19:54:43
wikileaks, T, 14:34:23
yahoo millionaire jackson fires hobbit casting manager, T, 19:54:21
Normalized google distance wikipedia, U, 19:51:01
hitachi door house spinning platters, T, 19:48:11
gnu savannah site compromised, T, 17:45:42
noah ark, T, 19:47:41
bendde, U, 19:31:56
light, T, 17:49:14
googlecom, T, 19:47:40
euro 2012, T, 19:47:49
ipad drawing pen, U, 17:46:26
does, T, 18:00:13
ford gm sales rose november, T, 19:02:49
jolie, T, 13:22:38
tmz, T, 19:31:50
austin powers, T, 19:31:26
